{
  "victorias": 587,
  "derrotas": 412,
  "empates": 1,
  "q_values": 42845,
  "historial": [
    0.0050159039017775775,
    0.005030574470809561,
    0.0031089442741413452,
    0.0035462225879537576,
    0.0029148244126507455,
    0.002643153755442139,
    0.00233613509131626,
    0.002387299098095544,
    0.002346292756213394,
    0.0027127759210045263
  ]
}