{
  "victorias": 6206,
  "derrotas": 3768,
  "empates": 26,
  "q_values": 405281,
  "historial": [
    0.0035119136447054056,
    0.005044249478533383,
    0.002874862408650334,
    0.0021753132707057403,
    0.0022900613078575384,
    0.002422388691505256,
    0.0019602468552941043,
    0.001618086475240796,
    0.0016757363015456003,
    0.0017203351874484948,
    0.002095992796884123,
    0.002357172986106758,
    0.0023799989449835328,
    0.0022706954915527157,
    0.0022273378393609755,
    0.0023286674178154224,
    0.0022591623446859108,
    0.0023231801218777212,
    0.0023099227169193453,
    0.002349485794681703,
    0.002409123617071548,
    0.0023514895115815276,
    0.00247826820447224,
    0.0026386625939893086,
    0.0024949096160831923,
    0.002470446074343113,
    0.002363007949887483,
    0.0022375144212398003,
    0.0021447234266910036,
    0.002124640125506321,
    0.00214871654180078,
    0.00206174947077292,
    0.0020370123448021516,
    0.002084357854939643,
    0.0021245826142672606,
    0.0021837263780202744,
    0.0022315010917110857,
    0.0022807223885792753,
    0.002316457006177936,
    0.0023721689491453665,
    0.002427192843546873,
    0.0024701724764069365,
    0.0024726934137133233,
    0.0024597439200892057,
    0.0024087313813510565,
    0.002452035759004479,
    0.002387800405613246,
    0.0023948468067106388,
    0.0024195415089009365,
    0.00240859433124312,
    0.0024728536095718575,
    0.002539612266545874,
    0.0025915782253250223,
    0.0026014291898503222,
    0.002586232369389492,
    0.00258171940839381,
    0.0025890230491604905,
    0.002628989889722513,
    0.002646846528915488,
    0.002631657020290955,
    0.0026193873905183897,
    0.0026249357321617398,
    0.002612164418105871,
    0.0026320350395921156,
    0.0026460607047632495,
    0.0026960794057630374,
    0.0027197684521343447,
    0.0027368043606399452,
    0.002718363930956214,
    0.002772072646147474,
    0.002821142024006685,
    0.0028038083340291226,
    0.002808574824653003,
    0.0027980223308481716,
    0.0027849598740197845,
    0.002839953610026086,
    0.00286789339777736,
    0.002884043374687662,
    0.0028859279993160756,
    0.0028613633659423086,
    0.0028718129567361634,
    0.002909566074414796,
    0.0028960092119279853,
    0.0028725695503558613,
    0.002872572466684955,
    0.002900136795453763,
    0.0029109568311961576,
    0.0028709875422160617,
    0.002873055034217526,
    0.0028909349675514816,
    0.002882183386496788,
    0.0029223072889006697,
    0.002936557171888699,
    0.002941953157213678,
    0.0029495857932129413,
    0.002958974904909635,
    0.002945787494985433,
    0.002949205219214816,
    0.002973271464613069,
    0.0029788803105878824
  ]
}