{
  "config": {
    "num_episodes": 1000,
    "epsilon_start": 1.0,
    "epsilon_end": 0.1,
    "gamma": 0.95,
    "alpha": 0.1,
    "ucb_c": 2.0
  },
  "final_stats": {
    "wins": 617,
    "losses": 380,
    "draws": 3,
    "total_q_values": 24967,
    "final_epsilon": 0.1
  },
  "q_value_history": [
    0.0016797632119632162,
    0.0019756869779382546,
    0.002770385856285933,
    0.003200054395867949,
    0.0045068531780400635,
    0.00454669401363614,
    0.0048413671676491065,
    0.005409647088857966,
    0.005350544360155398,
    0.00545308187118718
  ]
}